id,login,name,salary
1,sdelias0,D'Elias,13994
2,lwinkless1,Winkless,0166
3,cwagstaffe2,Wagstaffe,821
4,rstopp3,Stopp,2
5,bsmellie4,Smellie,0903
6,pellicock5,Ellicock,16
7,hhowardgater6,Howard - Gater,6
8,wmallatratt7,Mallatratt,91
9,hkinchington8,Kinchington,9
10,shaysar9,Haysar,7888
11,sosgodbya,Osgodby,8081
12,mbethamb,Betham,6043
13,dwestgarthc,Westgarth,5
14,cbridgmand,Bridgman,12280
15,coluwatoyine,Oluwatoyin,5
16,tpennuzzif,Pennuzzi,39349
17,bpawelg,Pawel,064
18,rwoodrooffeh,Woodrooffe,6069
19,blorrimeri,Lorrimer,87
20,cdolligonj,Dolligon,270
21,madelmank,Adelman,6
22,ddaventryl,Daventry,665
23,epinarem,Pinare,215
24,bdavidescun,Davidescu,06
25,fericksono,Erickson,9
26,pprickettp,Prickett,7
27,edungayq,Dungay,2758
28,charlower,Harlowe,11
29,nhambeltons,Hambelton,90849
30,rranahant,Ranahan,7
31,clagaduu,Lagadu,18
32,langoodv,Angood,6012
33,ckovelmannw,Kovelmann,42058
34,gcroppx,Cropp,9873
35,cstancliffey,Stancliffe,17
36,alashmarz,Lashmar,012
37,bredparth10,Redparth,523
38,lfincham11,Fincham,64892
39,ncattermoul12,Cattermoul,4
40,kochterlony13,Ochterlony,5
41,mtabourin14,Tabourin,68008
42,acopes15,Copes,3034
43,vricardot16,Ricardot,4005
44,rllorente17,Llorente,5366
45,hfrederick18,Frederick,9657
46,msteketee19,Steketee,718
47,awitherup1a,Witherup,455
48,kdee1b,Dee,8288
49,adonlon1c,Donlon,84601
50,vdenniston1d,Denniston,821
51,snewcom1e,Newcom,50
52,okirwood1f,Kirwood,97
53,hbougen1g,Bougen,0123
54,aminto1h,Minto,4405
55,datton1i,Atton,0253
56,bhorsefield1j,Horsefield,2
57,oganniclifft1k,Ganniclifft,3
58,psnoxill1l,Snoxill,9
59,jscroyton1m,Scroyton,1
60,lcheak1n,Cheak,5093
61,cmckeller1o,McKeller,68
62,rcissell1p,Cissell,23
63,cpenni1q,Penni,7287
64,ngeorgi1r,Georgi,8
65,fdornin1s,Dornin,1
66,hjellard1t,Jellard,83253
67,tkeme1u,Keme,609
68,alimpkin1v,Limpkin,36
69,msibray1w,Sibray,5911
70,awormell1x,Wormell,46
71,kegdale1y,Egdale,7
72,pwitheford1z,Witheford,4
73,mmacdonald20,MacDonald,0545
74,icoggon21,Coggon,42
75,jsimukov22,Simukov,3817
76,lbonnyson23,Bonnyson,0453
77,pobrogane24,O'Brogane,093
78,fsymonds25,Symonds,9181
79,wyosevitz26,Yosevitz,48
80,lpenquet27,Penquet,32
81,dhanscomb28,Hanscomb,06941
82,fpickrill29,Pickrill,24
83,mrizzello2a,Rizzello,6544
84,bashwin2b,Ashwin,53
85,edixsee2c,Dixsee,3824
86,uapplebee2d,Applebee,15962
87,ahambling2e,Hambling,53155
88,sgrigs2f,Grigs,3
89,lpuig2g,Puig,2205
90,mdog2h,Dog,6496
91,kswinnard2i,Swinnard,10728
92,jbentote2j,Bentote,84
93,mpett2k,Pett,12078
94,mfortnon2l,Fortnon,415
95,flexa2m,Lexa,2771
96,crissen2n,Rissen,951
97,ffaier2o,Faier,04
98,clarchier2p,Larchier,01848
99,swinnister2q,Winnister,8
100,sbovaird2r,Bovaird,720
101,jclayhill2s,Clayhill,623
102,slandrick2t,Landrick,47114
103,oblackler2u,Blackler,3
104,mkimbly2v,Kimbly,2578
105,rclynman2w,Clynman,8
106,bneasham2x,Neasham,1484
107,rodam2y,Odam,75
108,drenish2z,Renish,67
109,ncopozio30,Copozio,7903
110,achappell31,Chappell,09694
111,lmacaulay32,MacAulay,546
112,wbrosenius33,Brosenius,121
113,kprandi34,Prandi,1364
114,obroseman35,Broseman,5565
115,mevelyn36,Evelyn,94
116,tfoulis37,Foulis,84
117,cblaszczyk38,Blaszczyk,01856
118,pwitchalls39,Witchalls,5
119,ecassley3a,Cassley,562
120,gtuttiett3b,Tuttiett,78837
121,mquestier3c,Questier,56
122,ascane3d,Scane,98168
123,spinchon3e,Pinchon,81517
124,mquartly3f,Quartly,85238
125,sduran3g,Duran,4
126,dcarrington3h,Carrington,569
127,tharbisher3i,Harbisher,539
128,zjost3j,Jost,5900
129,mdoran3k,Doran,94215
130,acandlin3l,Candlin,23
131,voheagertie3m,O'Heagertie,82843
132,djery3n,Jery,7085
133,baughton3o,Aughton,9
134,ftambling3p,Tambling,009
135,mmougenel3q,Mougenel,5
136,itattersall3r,Tattersall,7610
137,trapier3s,Rapier,83
138,jketcher3t,Ketcher,84
139,yroubay3u,Roubay,17931
140,hcurnock3v,Curnock,088
141,hdorsett3w,Dorsett,976
142,ealdin3x,Aldin,722
143,mhugnin3y,Hugnin,06938
144,wbeldon3z,Beldon,25295
145,mverriour40,Verriour,6922
146,hlong41,Long,2000
147,lprandoni42,Prandoni,401
148,dfoley43,Foley,2
149,mmccosh44,McCosh,60
150,mskryne45,Skryne,41246
151,nborley46,Borley,79
152,stoombes47,Toombes,4
153,awoodwind48,Woodwind,3
154,cdugan49,Dugan,8883
155,jshave4a,Shave,38267
156,mley4b,Ley,8
157,vpamplin4c,Pamplin,3
158,pjacobovitch4d,Jacobovitch,20698
159,mrockall4e,Rockall,34
160,cnorthing4f,Northing,94
161,bkeeltagh4g,Keeltagh,9880
162,etibols4h,Tibols,22867
163,cbonfield4i,Bonfield,79870
164,aducarne4j,Ducarne,175
165,tshireff4k,Shireff,2043
166,lpischof4l,Pischof,2299
167,hfoulstone4m,Foulstone,9
168,sspall4n,Spall,22206
169,gvanlint4o,Vanlint,7181
170,dsneden4p,Sneden,9233
171,zlomasny4q,Lomasny,3978
172,okippin4r,Kippin,1
173,dolivello4s,Olivello,30605
174,dlebatteur4t,Le Batteur,0834
175,dtheriot4u,Theriot,375
176,amatityahu4v,Matityahu,74
177,ssambles4w,Sambles,075
178,mrecord4x,Record,2098
179,mfley4y,Fley,4
180,jdrewett4z,Drewett,2321
181,lcamble50,Camble,342
182,ttreacy51,Treacy,8902
183,gbiever52,Biever,40620
184,atreuge53,Treuge,152
185,kmadgin54,Madgin,6
186,doakshott55,Oakshott,31259
187,amcettrick56,Mcettrick,4986
188,atams57,Tams,150
189,kshadfourth58,Shadfourth,66
190,sbedborough59,Bedborough,70603
191,asirey5a,Sirey,603
192,vcoltherd5b,Coltherd,210
193,ahauxwell5c,Hauxwell,1
194,lbentame5d,Bentame,452
195,lczaja5e,Czaja,0629
196,mbanner5f,Banner,4350
197,djantel5g,Jantel,1832
198,afryatt5h,Fryatt,10131
199,bradmore5i,Radmore,12
200,cdocker5j,Docker,4417
201,tmcareavey5k,McAreavey,67084
202,gkores5l,Kores,321
203,aokeaveny5m,O'Keaveny,6
204,apauer5n,Pauer,95
205,joldknowe5o,Oldknowe,84450
206,vcuerdall5p,Cuerdall,69
207,jsurby5q,Surby,38283
208,lblunsen5r,Blunsen,7557
209,koclery5s,O'Clery,8565
210,vcalender5t,Calender,8
211,cdicty5u,Dicty,7490
212,kstratten5v,Stratten,002
213,aspender5w,Spender,9
214,scorran5x,Corran,9
215,tscrancher5y,Scrancher,77605
216,gblackly5z,Blackly,5246
217,sweatherdon60,Weatherdon,4063
218,demett61,Emett,85
219,rsturgeon62,Sturgeon,5975
220,rwhitely63,Whitely,6844
221,mmalcolmson64,Malcolmson,45
222,dnorbury65,Norbury,361
223,cpigot66,Pigot,44
224,lshergold67,Shergold,33182
225,wboyse68,Boyse,2191
226,mblyth69,Blyth,64555
227,rservis6a,Servis,5
228,szecchinelli6b,Zecchinelli,308
229,dfarney6c,Farney,1668
230,egalway6d,Galway,334
231,cbrine6e,Brine,982
232,cpetrov6f,Petrov,3
233,bvouls6g,Vouls,190
234,wizac6h,Izac,02
235,mclaybourn6i,Claybourn,8
236,kjuhruke6j,Juhruke,1
237,kkeyworth6k,Keyworth,8
238,mlulham6l,Lulham,20
239,dstorms6m,Storms,4326
240,wdrysdall6n,Drysdall,8
241,htabner6o,Tabner,61
242,ewrightson6p,Wrightson,286
243,sbarringer6q,Barringer,30612
244,rtersay6r,Tersay,196
245,ybolderstone6s,Bolderstone,244
246,rdudman6t,Dudman,960
247,cphilipeau6u,Philipeau,4
248,fcowling6v,Cowling,7
249,vtourne6w,Tourne,56
250,mloader6x,Loader,3
251,binskipp6y,Inskipp,91118
252,bbenediktsson6z,Benediktsson,34724
253,tjeffes70,Jeffes,9
254,wvanschafflaer71,Van Schafflaer,9
255,asemkins72,Semkins,9
256,wdeeman73,Deeman,3777
257,vfrazier74,Frazier,81
258,gleynham75,Leynham,9105
259,aferryman76,Ferryman,142
260,hfeldon77,Feldon,72
261,spauluzzi78,Pauluzzi,772
262,dcaulton79,Caulton,669
263,rrobardet7a,Robardet,97
264,spillington7b,Pillington,66098
265,gstithe7c,Stithe,621
266,ephizacklea7d,Phizacklea,632
267,gjacobsson7e,Jacobsson,5234
268,btudge7f,Tudge,6382
269,zelgar7g,Elgar,93509
270,lcheshir7h,Cheshir,5885
271,vpiscot7i,Piscot,91
272,sdavidovits7j,Davidovits,05
273,tmcginny7k,McGinny,26228
274,rgladtbach7l,Gladtbach,38
275,bsmalecombe7m,Smalecombe,29621
276,epolley7n,Polley,00317
277,sshilstone7o,Shilstone,81
278,hkobus7p,Kobus,46
279,vhousego7q,Housego,3443
280,gczajkowska7r,Czajkowska,760
281,kburrel7s,Burrel,37981
282,fbowdler7t,Bowdler,66
283,emuxworthy7u,Muxworthy,5234
284,nhizir7v,Hizir,231
285,pthornthwaite7w,Thornthwaite,98668
286,mcromley7x,Cromley,77599
287,jscowen7y,Scowen,008
288,cgrimmett7z,Grimmett,9
289,hfeatherstonhalgh80,Featherstonhalgh,217
290,dgilyatt81,Gilyatt,2
291,tkightly82,Kightly,73
292,sgarard83,Garard,2346
293,nhowarth84,Howarth,5303
294,nfrancke85,Francke,57874
295,pgotter86,Gotter,0042
296,rdumbreck87,Dumbreck,08
297,aeisig88,Eisig,876
298,ecrewther89,Crewther,16
299,malleburton8a,Alleburton,54
300,lwillimot8b,Willimot,011
301,ahugonin8c,Hugonin,042
302,bmchale8d,McHale,0455
303,jbarhem8e,Barhem,38088
304,kphippard8f,Phippard,6232
305,tgoldin8g,Goldin,19442
306,ytuffin8h,Tuffin,2
307,leyam8i,Eyam,47
308,gdurham8j,Durham,6648
309,cprovost8k,Provost,6
310,brene8l,Rene,55
311,eshanley8m,Shanley,22
312,tmitten8n,Mitten,7
313,dconfort8o,Confort,4947
314,mjanovsky8p,Janovsky,35031
315,cchristol8q,Christol,8
316,mmccurlye8r,Mc Curlye,6
317,ljonathon8s,Jonathon,70
318,aaxelby8t,Axelby,855
319,rtruluck8u,Truluck,1626
320,nbatte8v,Batte,51709
321,nainley8w,Ainley,3006
322,jculkin8x,Culkin,040
323,fpurvess8y,Purvess,5745
324,ldelle8z,Delle,5234
325,fblase90,Blase,40951
326,sblachford91,Blachford,4543
327,ioxenham92,Oxenham,71113
328,fstonard93,Stonard,2888
329,mliddell94,Liddell,5928
330,sluther95,Luther,3089
331,eraveau96,Raveau,8093
332,aberic97,Beric,07664
333,nbattany98,Battany,65
334,bwheatcroft99,Wheatcroft,1
335,lpeotz9a,Peotz,73
336,binchcomb9b,Inchcomb,63828
337,kburkart9c,Burkart,5
338,fthews9d,Thews,129
339,kaddeycott9e,Addeycott,5887
340,amarkl9f,Markl,317
341,dmcguff9g,McGuff,38
342,cgilhool9h,Gilhool,600
343,tlanktree9i,Lanktree,728
344,rwasielewski9j,Wasielewski,875
345,dnoirel9k,Noirel,9
346,bbearham9l,Bearham,198
347,bmoger9m,Moger,07835
348,dgayler9n,Gayler,5234
349,skohlert9o,Kohlert,77
350,kkorda9p,Korda,9
351,hpentelo9q,Pentelo,604
352,wboorer9r,Boorer,40
353,ohammatt9s,Hammatt,3
354,wdicky9t,Dicky,51
355,mmatiewe9u,Matiewe,823
356,tjurczak9v,Jurczak,33
357,bdenk9w,Denk,21
358,pdietz9x,Dietz,34
359,tlitterick9y,Litterick,5269
360,hhrinishin9z,Hrinishin,5221
361,wpheaseya0,Pheasey,7904
362,omonroa1,Monro,55
363,bshimmansa2,Shimmans,5
364,aduggona3,Duggon,025
365,vwrightema4,Wrightem,34
366,taylena5,Aylen,94947
367,canthonaa6,Anthona,33
368,bmulvina7,Mulvin,594
369,mwhiskerda8,Whiskerd,1
370,gsheryna9,Sheryn,97823
371,gliggettaa,Liggett,321
372,jtappab,Tapp,8
373,esharvellac,Sharvell,264
374,sscoffinsad,Scoffins,0762
375,kbroadfieldae,Broadfield,01441
376,mknaggsaf,Knaggs,2866
377,nhrycekag,Hrycek,92
378,lsandilandsah,Sandilands,740
379,kmollindiniaai,Mollindinia,0274
380,wlooksaj,Looks,8
381,bbrambillak,Brambill,9
382,dmilneal,Milne,78690
383,idjuricicam,Djuricic,80
384,tbattiean,Battie,601
385,qodochertyao,O'Docherty,6382
386,ablaschkeap,Blaschke,7167
387,grobertssonaq,Robertsson,81763
388,bwatheyar,Wathey,10664
389,lelfordas,Elford,0433
390,nguisoat,Guiso,10
391,hpoynerau,Poyner,870
392,dmuskettav,Muskett,0442
393,ucordenaw,Corden,5
394,cdrohanax,Drohan,723
395,ngreenarday,Greenard,02
396,sgrahlmanaz,Grahlman,0316
397,bdobbinb0,Dobbin,2379
398,daspitalb1,Aspital,328
399,sfessionsb2,Fessions,156
400,mrosettinib3,Rosettini,74
401,oconryb4,Conry,5642
402,vcossonsb5,Cossons,68
403,koheneghanb6,O'Heneghan,5
404,jstearsb7,Stears,91
405,mwilcottb8,Wilcott,2974
406,tubsdallb9,Ubsdall,04479
407,bmcglaudba,McGlaud,24
408,alipscombbb,Lipscomb,441
409,swickenbc,Wicken,5631
410,acuttlebd,Cuttle,02
411,ebucklesbe,Buckles,542
412,hdoigbf,Doig,76578
413,eandrejevicbg,Andrejevic,9128
414,nharbordbh,Harbord,48021
415,cjoriozbi,Jorioz,973
416,gjeffressbj,Jeffress,65951
417,bgouldstrawbk,Gouldstraw,25340
418,lmixterbl,Mixter,83
419,lsearightbm,Searight,13990
420,jjertzbn,Jertz,83
421,hcammackebo,Cammacke,14
422,lwoolmorebp,Woolmore,3
423,nclassenbq,Classen,53
424,hseftonbr,Sefton,089
425,sjeremaesbs,Jeremaes,62
426,gbellamybt,Bellamy,4
427,kreidiebu,Reidie,48745
428,mbosmabv,Bosma,593
429,sosheerinbw,O'Sheerin,298
430,nmquhargbx,M'Quharg,8
431,rcolbornby,Colborn,8
432,sblindbz,Blind,93078
433,jjonesc0,Jones,00
434,amachelc1,Machel,957
435,badranc2,Adran,40
436,cvolantec3,Volante,32743
437,fsansonc4,Sanson,7
438,ajanusikc5,Janusik,01005
439,aplowsc6,Plows,6331
440,dkitchenmanc7,Kitchenman,70
441,fcrankhornc8,Crankhorn,13
442,jbrazc9,Braz,2
443,dhottonca,Hotton,237
444,asulllycb,Sullly,7
445,msheedcc,Sheed,304
446,sschollickcd,Schollick,65
447,etrottce,Trott,8
448,rabdeycf,Abdey,4494
449,csictornescg,Sictornes,87
450,pmontesch,Montes,57
451,sjuliffci,Juliff,393
452,knoyecj,Noye,005
453,beloick,Eloi,55
454,ltreadgoldcl,Treadgold,493
455,mscrammagecm,Scrammage,4
456,ctripconycn,Tripcony,332
457,rwalchco,Walch,31474
458,jhoonahancp,Hoonahan,59
459,cscathardcq,Scathard,771
460,avogeleincr,Vogelein,2
461,mallibertoncs,Alliberton,5234
462,vcomelinict,Comelini,31987
463,arochescu,Roches,00
464,jstocklecv,Stockle,004
465,rmarkwickcw,Markwick,199
466,lpethrickcx,Pethrick,46
467,apreistcy,Preist,2
468,adobercz,Dober,3
469,rhucksd0,Hucks,1
470,dclemod1,Clemo,112
471,hcootesd2,Cootes,9
472,zsutliffd3,Sutliff,86594
473,kloddond4,Loddon,52149
474,mpieched5,Pieche,0899
475,erapportd6,Rapport,8074
476,hmarcussend7,Marcussen,23
477,ekinghorned8,Kinghorne,99546
478,dscimoned9,Scimone,14084
479,dgreavesda,Greaves,030
480,eingledewdb,Ingledew,79050
481,thellikerdc,Helliker,25178
482,esydenhamdd,Sydenham,5459
483,dtwaitsde,Twaits,921
484,isteensondf,Steenson,11
485,jputtondg,Putton,5234
486,kburdelldh,Burdell,5
487,jstiggersdi,Stiggers,6547
488,lstroulgerdj,Stroulger,44210
489,mshillsdk,Shills,486
490,ecorterdl,Corter,173
491,adaunterdm,Daunter,6
492,ngrissettdn,Grissett,2
493,gseagardo,Seagar,4608
494,kdaneletdp,Danelet,099
495,skwietakdq,Kwietak,5234
496,uolonedr,O' Lone,5649
497,fheerands,Heeran,32
498,agunningdt,Gunning,4
499,ccelizdu,Celiz,14
500,mcaslindv,Caslin,7047
501,bbagshawdw,Bagshaw,219
502,bbaxendaledx,Baxendale,15056
503,tocoskerrydy,O'Coskerry,76711
504,kmcgeorgedz,McGeorge,066
505,ahannere0,Hanner,05201
506,lshwenne1,Shwenn,33657
507,ggoulte2,Goult,79374
508,rseyfarte3,Seyfart,42294
509,lbaynse4,Bayns,22
510,cquadrioe5,Quadrio,857
511,obohlmanne6,Bohlmann,933
512,auridgee7,Uridge,91
513,kglasarde8,Glasard,9
514,schessume9,Chessum,78
515,gvanderplasea,Vanderplas,7
516,tpawellekeb,Pawellek,91759
517,fquinceyec,Quincey,06
518,gfindersed,Finders,5
519,tamissee,Amiss,7598
520,eheeleyef,Heeley,6
521,vlegioneg,Legion,191
522,cgullaneeh,Gullane,3798
523,jstanhopeei,Stanhope,7
524,vmcfarlaneej,McFarlane,51326
525,wrothek,Roth,2
526,cvondrael,Vondra,558
527,lkeileyem,Keiley,13
528,thindhaughen,Hindhaugh,5
529,mnorsworthyeo,Norsworthy,906
530,mdomelowep,Domelow,91
531,cmuffineq,Muffin,8440
532,pwakleyer,Wakley,31
533,sgallonees,Gallone,83782
534,lbecconsallet,Becconsall,348
535,mmiddlemisteu,Middlemist,412
536,fpichanev,Pichan,2835
537,astolteew,Stolte,1295
538,zscorrerex,Scorrer,317
539,jhammey,Hamm,9
540,fsarchwellez,Sarchwell,47060
541,bburstonf0,Burston,5234
542,jmccumskayf1,McCumskay,86673
543,cchatainf2,Chatain,526
544,apartlettf3,Partlett,5822
545,dhorchef4,Horche,3709
546,rcolterf5,Colter,591
547,jpeasgoodf6,Peasgood,25
548,eridholef7,Ridhole,3
549,fdraiseyf8,Draisey,493
550,ejurisf9,Juris,7934
551,rwashfa,Wash,609
552,cbrezlawfb,Brezlaw,36
553,cthurnerfc,Thurner,952
554,mandrassyfd,Andrassy,7344
555,sballachfe,Ballach,6
556,kyearnff,Yearn,59
557,binnettfg,Innett,572
558,mconnewfh,Connew,7
559,woconnellfi,O'Connell,2
560,ffauningfj,Fauning,12
561,gviggersfk,Viggers,90
562,lsanthousefl,Santhouse,5
563,lhawksleefm,Hawkslee,092
564,apadberryfn,Padberry,356
565,wbromleyfo,Bromley,543
566,ameadsfp,Meads,7
567,sjoronfq,Joron,3
568,jcuxonfr,Cuxon,40
569,aodonnellfs,O'Donnell,94
570,pmassingberdft,Massingberd,61
571,kpenhallurickfu,Penhallurick,9
572,abadsworthfv,Badsworth,1
573,mcoughfw,Cough,66
574,zkayesfx,Kayes,1
575,fpippardfy,Pippard,69029
576,scandlinfz,Candlin,980
577,ddaultong0,Daulton,07974
578,pstidworthyg1,Stidworthy,374
579,rconeaug2,Coneau,9
580,zlaveng3,Laven,5
581,jrosendorfg4,Rosendorf,32
582,kdanniellg5,Danniell,95
583,bsandalg6,Sandal,907
584,spittendreighg7,Pittendreigh,08
585,vyankovg8,Yankov,631
586,amckaing9,McKain,24042
587,jwrixonga,Wrixon,3
588,ggotthardsfgb,Gotthard.sf,5931
589,hphebeygc,Phebey,30
590,kmccriegd,McCrie,25
591,epumphreyge,Pumphrey,492
592,ihowardgatergf,Howard - Gater,7
593,aonraetgg,Onraet,591
594,zalabastargh,Alabastar,866
595,calywingi,Alywin,6
596,kmaccostyegj,MacCostye,84
597,dmatelaitisgk,Matelaitis,58
598,mbuntongl,Bunton,03370
599,hlanmeidgm,Lanmeid,16
600,sblooregn,Bloore,27160
601,cbellewgo,Bellew,9
602,flevertongp,Leverton,3622
603,thurringgq,Hurring,7913
604,cmathongr,Mathon,88
605,lplackstonegs,Plackstone,21453
606,jjeschnergt,Jeschner,5234
607,cbuntgu,Bunt,80689
608,dblitzergv,Blitzer,4
609,xswaytongw,Swayton,411
610,hpassiongx,Passion,675
611,orobillardgy,Robillard,2
612,mleasegz,Lease,559
613,ekringeh0,Kringe,9456
614,hworwoodh1,Worwood,733
615,troddickh2,Roddick,5234
616,acuolahanh3,Cuolahan,4244
617,mvasyutochkinh4,Vasyutochkin,056
618,thubbockh5,Hubbock,8
619,mgregoireh6,Gregoire,6862
620,kpeermanh7,Peerman,54
621,kbinfordh8,Binford,06504
622,orourkeh9,Rourke,37968
623,wollierha,Ollier,710
624,ccokelyhb,Cokely,65015
625,dllewellynhc,Llewellyn,366
626,amillanhd,Millan,5940
627,fbielefeldhe,Bielefeld,4827
628,zyansonhf,Yanson,18
629,nroebyhg,Roeby,5234
630,rsangerhh,Sanger,34
631,dcoulthardhi,Coulthard,0905
632,osamterhj,Samter,10870
633,ppendrickhk,Pendrick,20021
634,ebinfieldhl,Binfield,530
635,lgoodgehm,Goodge,54
636,wgagenhn,Gagen,9
637,byukhninho,Yukhnin,03
638,asumptonhp,Sumpton,9
639,aegginsonhq,Egginson,9
640,dhuberyhr,Hubery,93566
641,fantoniadeshs,Antoniades,1336
642,jfurphyht,Furphy,0043
643,cbelvinhu,Belvin,3
644,dbaylayhv,Baylay,6474
645,smcquaidhw,McQuaid,039
646,vatherleyhx,Atherley,037
647,plaingehy,Lainge,24
648,emacgloryhz,MacGlory,7
649,ljankowskii0,Jankowski,706
650,dtongei1,Tonge,91372
651,kchristenei2,Christene,58
652,ecysteri3,Cyster,381
653,cbridgewateri4,Bridgewater,9
654,dsparkesi5,Sparkes,258
655,aromerai6,Romera,7
656,mdunphyi7,Dunphy,0201
657,alumbleyi8,Lumbley,1914
658,rsnowdingi9,Snowding,3880
659,gmavingia,Maving,51417
660,rcastelluzziib,Castelluzzi,92928
661,bleadbeatteric,Leadbeatter,13
662,bhullsid,Hulls,65
663,spirtie,Pirt,45
664,owassellif,Wassell,84
665,ebredgelandig,Bredgeland,04
666,acarlsonih,Carlson,6
667,odunleavyii,Dunleavy,8
668,bsnelleij,Snelle,2
669,lcharloik,Charlo,8651
670,ljoseferil,Josefer,5234
671,cmendoncaim,Mendonca,2809
672,jcommussoin,Commusso,378
673,jofallowneio,O'Fallowne,78
674,agentiryip,Gentiry,35437
675,kmeersiq,Meers,5
676,ayedallir,Yedall,22430
677,cgriffithsis,Griffiths,0870
678,fkaserit,Kaser,71448
679,nlidgertoniu,Lidgerton,85
680,ksenechaultiv,Senechault,6
681,araundsiw,Raunds,50
682,ksimonsix,Simons,63760
683,jaddekiniy,Addekin,83
684,tgrigoliiz,Grigoli,7
685,llocksj0,Locks,70
686,vmourtonj1,Mourton,4
687,dgrimsdellj2,Grimsdell,08070
688,bbladenj3,Bladen,79447
689,jtroubridgej4,Troubridge,0387
690,afindleyj5,Findley,4570
691,gamossj6,Amoss,4
692,pnowakowskaj7,Nowakowska,382
693,bwerendellj8,Werendell,4
694,yfeatherstonej9,Featherstone,150
695,sboggsja,Boggs,1
696,dblackmoorjb,Blackmoor,75141
697,scrierjc,Crier,5
698,brustmanjd,Rustman,41801
699,dhilaryje,Hilary,0348
700,lgatlinjf,Gatlin,282
701,tnoadjg,Noad,90447
702,tsantijh,Santi,57790
703,dwayeji,Waye,15416
704,mcleughjj,Cleugh,3
705,abelitzjk,Belitz,7
706,bmorcombjl,Morcomb,41
707,rboaterjm,Boater,11
708,glisciandrijn,Lisciandri,1
709,wgoodhayjo,Goodhay,027
710,kdurrancejp,Durrance,77227
711,clesieurjq,Le Sieur,699
712,bquinnettejr,Quinnette,626
713,nownsworthjs,Ownsworth,0238
714,chakeyjt,Hakey,4
715,dcammackeju,Cammacke,64625
716,xelmsjv,Elms,59
717,mdibernardojw,Di Bernardo,161
718,jwraggjx,Wragg,607
719,ashottinjy,Shottin,548
720,mminotjz,Minot,3017
721,cgarahank0,Garahan,23969
722,hklambtk1,Klambt,53
723,achezierk2,Chezier,5339
724,cmartynsk3,Martyns,236
725,hrentonk4,Renton,612
726,gurreyk5,Urrey,58
727,lroseamank6,Roseaman,28151
728,rparmiterk7,Parmiter,3
729,aenrdigok8,Enrdigo,43674
730,pkensettk9,Kensett,8525
731,nkarppika,Karppi,22
732,vseftonkb,Sefton,68755
733,bcoweykc,Cowey,27925
734,mpeddowekd,Peddowe,100
735,ileytonke,Leyton,0585
736,cdrogankf,Drogan,1111
737,gstainsbykg,Stainsby,1
738,eswinfenkh,Swinfen,6729
739,blathleiffureki,Lathleiffure,04
740,hsmallridgekj,Smallridge,52
741,pgeggkk,Gegg,2
742,bcawthrykl,Cawthry,4
743,clightenkm,Lighten,46205
744,athebeaudkn,Thebeaud,9
745,jballko,Ball,47
746,fvoasekp,Voase,9364
747,ahernikkq,Hernik,23534
748,irachuigkr,Rachuig,71084
749,tgentzschks,Gentzsch,7
750,opeepallkt,Peepall,8
751,lcullinanku,Cullinan,27
752,greynerkv,Reyner,0929
753,jainscowkw,Ainscow,20800
754,scasteroukx,Casterou,19140
755,aminilloky,Minillo,5
756,celsekz,Else,97479
757,lbrownriggl0,Brownrigg,7
758,pdalgleishl1,Dalgleish,8
759,sparmenterl2,Parmenter,76585
760,imallonl3,Mallon,599
761,aklimentl4,Kliment,4031
762,mdavidescol5,Davidesco,61674
763,apoutonl6,Pouton,21
764,cpheaseyl7,Pheasey,8
765,hkilmurrayl8,Kilmurray,039
766,ewabbl9,Wabb,03138
767,dprosekla,Prosek,7383
768,efoulgerlb,Foulger,39218
769,edarrigoelc,Darrigoe,399
770,cmabbettld,Mabbett,309
771,bhansanale,Hansana,1174
772,ewilmottlf,Wilmott,33321
773,hscurrelllg,Scurrell,5
774,griddlerlh,Riddler,593
775,cfortunli,Fortun,2
776,bewinslj,Ewins,3
777,jdiehnlk,Diehn,82250
778,dcookll,Cook,67979
779,ewillerstonelm,Willerstone,28987
780,ageorgievskiln,Georgievski,71
781,omcgarrelllo,McGarrell,7943
782,igirdwoodlp,Girdwood,82735
783,gelementlq,Element,711
784,mamarlr,Amar,317
785,lburrasls,Burras,3
786,jmcilwraithlt,McIlwraith,111
787,alincolnlu,Lincoln,94
788,ntemplarlv,Templar,8553
789,awheowalllw,Wheowall,8029
790,gwilllx,Will,4
791,mgillhamly,Gillham,43
792,nchenerylz,Chenery,1
793,arenvoisem0,Renvoise,84
794,mlillymanm1,Lillyman,1
795,lveelm2,Veel,62010
796,bdemalcharm3,De Malchar,581
797,nmacgarveym4,MacGarvey,64
798,rmccamishm5,McCamish,83
799,fbagnellm6,Bagnell,9
800,ncreekm7,Creek,3
801,gohartiganm8,O'Hartigan,25159
802,otaxm9,Tax,7169
803,jgogganma,Goggan,8
804,pbonnettemb,Bonnette,35
805,rvasnetsovmc,Vasnetsov,93
806,dmithanmd,Mithan,84671
807,thastewellme,Hastewell,6
808,jgerardeauxmf,Gerardeaux,86258
809,raitchinsonmg,Aitchinson,2655
810,vhicklingbottommh,Hicklingbottom,770
811,jyelemi,Yele,55
812,twiltshearmj,Wiltshear,85448
813,ncomomk,Como,37
814,ndoileyml,Doiley,664
815,jwodhammm,Wodham,2
816,kpavlovskymn,Pavlovsky,952
817,bvidomo,Vido,893
818,rwicklenmp,Wicklen,4783
819,ksmyliemq,Smylie,49
820,ogaskingmr,Gasking,47
821,mabrahmerms,Abrahmer,77435
822,bslossmt,Sloss,30769
823,fsantarellimu,Santarelli,857
824,jmintomv,Minto,68227
825,ssaffrinmw,Saffrin,68
826,chayhurstmx,Hayhurst,073
827,jflaymy,Flay,8
828,acottinghammz,Cottingham,9168
829,fgrigoriann0,Grigorian,8684
830,hhadwinn1,Hadwin,2
831,bkimmn2,Kimm,93527
832,rosgarn3,Osgar,270
833,lchinnockn4,Chinnock,9402
834,hhodgen5,Hodge,97159
835,ipotkinn6,Potkin,5234
836,bdoohern7,Dooher,8
837,waureliusn8,Aurelius,86
838,bohenecann9,O'Henecan,60
839,amocklerna,Mockler,7908
840,ntiremannb,Tireman,76
841,ltabouriernc,Tabourier,49
842,cmcdowellnd,McDowell,09
843,alymanne,Lyman,3
844,rphipsonnf,Phipson,55
845,gbatsfordng,Batsford,95610
846,tthewnh,Thew,55816
847,tipgraveni,Ipgrave,3336
848,charbottlenj,Harbottle,620
849,gmoysernk,Moyser,79792
850,ckonradnl,Konrad,007
851,bfidoenm,Fidoe,3
852,acisnerosnn,Cisneros,5
853,ifilimoreno,Filimore,969
854,hdenisnp,Denis,2881
855,ebowernq,Bower,5234
856,jlappingnr,Lapping,89211
857,csmallns,Small,307
858,mtyernt,Tyer,52794
859,sgasperonu,Gaspero,012
860,azavattarinv,Zavattari,2554
861,hmattesnw,Mattes,06
862,kmedwellnx,Medwell,8518
863,pharraldny,Harrald,7
864,jfairholmenz,Fairholme,12338
865,walgyo0,Algy,67
866,imcgillecoleo1,McGillecole,257
867,eglowacho2,Glowach,70978
868,jtroilleto3,Troillet,9895
869,ajannawayo4,Jannaway,84244
870,omadgino5,Madgin,7697
871,sfriaryo6,Friary,7494
872,bmcanultyo7,McAnulty,868
873,ybritziuso8,Britzius,30
874,mabramino9,Abramin,9186
875,fmulchroneoa,Mulchrone,128
876,akelloughob,Kellough,2
877,hemilienoc,Emilien,8
878,tharsesod,Harses,65908
879,pprotherooe,Prothero,20
880,hstquentinof,St. Quentin,95098
881,emomeryog,Momery,917
882,rstitoh,Stit,70
883,ckelleheroi,Kelleher,4210
884,kmosenoj,Mosen,6
885,tclougherok,Clougher,4
886,dkolczynskiol,Kolczynski,348
887,mhyndom,Hynd,9
888,mskeldingeon,Skeldinge,1755
889,feskriettoo,Eskriett,43477
890,ddimitriadesop,Dimitriades,51
891,bbreawoodoq,Breawood,126
892,aseveror,Sever,6609
893,bgirardyos,Girardy,999
894,hleggonot,Leggon,349
895,akestertonou,Kesterton,39
896,mkellogov,Kellog,5848
897,bbrandleow,Brandle,212
898,tricardotox,Ricardot,84394
899,tledamunoy,Ledamun,1442
900,hcenteroz,Center,65
901,wrendlep0,Rendle,5234
902,nweatherhoggp1,Weatherhogg,1097
903,ichestersp2,Chesters,0475
904,ddeluciap3,Delucia,13810
905,cprinnp4,Prinn,1111
906,glammengap5,Lammenga,842
907,ctattonp6,Tatton,6454
908,anewtownp7,Newtown,6495
909,gniemiecp8,Niemiec,8
910,gcasalip9,Casali,367
911,cdalgettypa,Dalgetty,9
912,gmalamorepb,Malamore,3722
913,eclemptonpc,Clempton,5765
914,kwordingtonpd,Wordington,3
915,khalliganpe,Halligan,4162
916,tmawnepf,Mawne,374
917,nwikeypg,Wikey,8529
918,rdelamarph,Delamar,348
919,msisleypi,Sisley,5
920,lgibbesonpj,Gibbeson,70904
921,bstemsonpk,Stemson,411
922,kbeardowpl,Beardow,57
923,smunganepm,Mungane,61
924,tnewlanpn,Newlan,82703
925,dcunradopo,Cunrado,2951
926,dmityashevpp,Mityashev,245
927,pnesbittpq,Nesbitt,8
928,athamspr,Thams,9612
929,tlillowps,Lillow,320
930,kmantonpt,Manton,21
931,bblampiedpu,Blampied,3
932,umytonpv,Myton,99
933,drofepw,Rofe,5750
934,bredhillspx,Redhills,1864
935,tdumbltonpy,Dumblton,35
936,jmilhampz,Milham,4
937,mstiffq0,Stiff,1721
938,srobertoq1,Roberto,39
939,ldescoffierq2,d'Escoffier,15
940,mhillyattq3,Hillyatt,927
941,mmargerisonq4,Margerison,7
942,rsandersonq5,Sanderson,2405
943,ccaldairouq6,Caldairou,472
944,wdoftyq7,Dofty,082
945,gformieq8,Formie,923
946,swhitearq9,Whitear,9
947,acharsleyqa,Charsley,938
948,csawyerqb,Sawyer,5
949,dpicheqc,Piche,880
950,bblundellqd,Blundell,084
951,bpharoqe,Pharo,946
952,daskinqf,Askin,9159
953,cstovellqg,Stovell,251
954,welgyqh,Elgy,77
955,kwickinsqi,Wickins,1331
956,nzannotelliqj,Zannotelli,65
957,ispondleyqk,Spondley,71871
958,pantillql,Antill,3
959,epostlethwaiteqm,Postlethwaite,001
960,kmeatesqn,Meates,5000
961,fdemougeotqo,Demougeot,38390
962,eibleqp,Ible,2952
963,fondrousekqq,Ondrousek,74
964,rjirusekqr,Jirusek,4
965,gmaccardqs,MacCard,97
966,fmurnameqt,Murname,4232
967,ktowellqu,Towell,56
968,fpaullinqv,Paullin,757
969,hmcsorleyqw,McSorley,40936
970,wglasscooqx,Glasscoo,612
971,gpetcheyqy,Petchey,8502
972,sgetchqz,Getch,23
973,gruthvenr0,Ruthven,7
974,ualwoodr1,Alwood,0069
975,clongfootr2,Longfoot,792
976,bkeaysellr3,Keaysell,08
977,rtuerenar4,Tuerena,329
978,sjanssensr5,Janssens,12
979,tlehuquetr6,Le Huquet,1
980,tschleswigholsteinr7,Schleswig-Holstein,5
981,jhansardr8,Hansard,3744
982,sfauntr9,Faunt,74
983,ebastinra,Bastin,265
984,bgradwellrb,Gradwell,396
985,hlisciardellirc,Lisciardelli,39
986,amcwhinneyrd,Mcwhinney,66
987,gstrangewayre,Strangeway,400
988,mverillorf,Verillo,27141
989,acarlanrg,Carlan,01
990,chenkmannrh,Henkmann,141
991,kbissattri,Bissatt,7
992,gattorj,Atto,11949
993,twiddallrk,Widdall,47
994,jbrookfieldrl,Brookfield,70
995,edrysdellrm,Drysdell,9575
996,acundyrn,Cundy,03
997,omilellaro,Milella,1
998,mburhouserp,Burhouse,02
999,atunnicliffrq,Tunnicliff,976
1000,ftantonrr,Tanton,74587
